0,testuser_020230422180009530155,testuser_020230422180009530155@testmail.hu,testuser_020230422180009530155X.
1,testuser_120230422180009530155,testuser_120230422180009530155@testmail.hu,testuser_120230422180009530155X.
2,testuser_220230422180009530155,testuser_220230422180009530155@testmail.hu,testuser_220230422180009530155X.
3,testuser_320230422180009530155,testuser_320230422180009530155@testmail.hu,testuser_320230422180009530155X.
4,testuser_420230422180009530155,testuser_420230422180009530155@testmail.hu,testuser_420230422180009530155X.
5,testuser_520230422180009530155,testuser_520230422180009530155@testmail.hu,testuser_520230422180009530155X.
6,testuser_620230422180009530155,testuser_620230422180009530155@testmail.hu,testuser_620230422180009530155X.
7,testuser_720230422180009530155,testuser_720230422180009530155@testmail.hu,testuser_720230422180009530155X.
8,testuser_820230422180009530155,testuser_820230422180009530155@testmail.hu,testuser_820230422180009530155X.
9,testuser_920230422180009530155,testuser_920230422180009530155@testmail.hu,testuser_920230422180009530155X.
